{
  "credit": "Made with Blockbench",
  "texture_size": [
    64,
    64
  ],
  "elements": [
    {
      "from": [
        0,
        0,
        3
      ],
      "to": [
        16,
        2,
        16
      ],
      "faces": {
        "north": {
          "uv": [
            4,
            5,
            8,
            5.5
          ],
          "texture": "#3"
        },
        "east": {
          "uv": [
            4,
            6.5,
            7.25,
            7
          ],
          "texture": "#3"
        },
        "south": {
          "uv": [
            4,
            5.5,
            8,
            6
          ],
          "texture": "#3"
        },
        "west": {
          "uv": [
            0,
            7,
            3.25,
            7.5
          ],
          "texture": "#3"
        },
        "up": {
          "uv": [
            4,
            3.25,
            0,
            0
          ],
          "texture": "#3"
        },
        "down": {
          "uv": [
            4,
            3.25,
            0,
            6.5
          ],
          "texture": "#3"
        }
      }
    },
    {
      "from": [
        7,
        2,
        14
      ],
      "to": [
        9,
        8,
        16
      ],
      "rotation": {
        "angle": 0,
        "axis": "y",
        "origin": [
          7,
          2,
          14
        ]
      },
      "faces": {
        "north": {
          "uv": [
            4.25,
            7,
            4.75,
            8.5
          ],
          "texture": "#3"
        },
        "east": {
          "uv": [
            4.75,
            7,
            5.25,
            8.5
          ],
          "texture": "#3"
        },
        "south": {
          "uv": [
            5.25,
            7,
            5.75,
            8.5
          ],
          "texture": "#3"
        },
        "west": {
          "uv": [
            5.75,
            7,
            6.25,
            8.5
          ],
          "texture": "#3"
        },
        "up": {
          "uv": [
            6.75,
            7.5,
            6.25,
            7
          ],
          "texture": "#3"
        },
        "down": {
          "uv": [
            7.25,
            7,
            6.75,
            7.5
          ],
          "texture": "#3"
        }
      }
    },
    {
      "from": [
        0,
        8,
        14
      ],
      "to": [
        16,
        18,
        16
      ],
      "rotation": {
        "angle": 0,
        "axis": "y",
        "origin": [
          7,
          8,
          14
        ]
      },
      "faces": {
        "north": {
          "uv": [
            4,
            0,
            8,
            2.5
          ],
          "texture": "#3"
        },
        "east": {
          "uv": [
            3.25,
            7,
            3.75,
            9.5
          ],
          "texture": "#3"
        },
        "south": {
          "uv": [
            4,
            2.5,
            8,
            5
          ],
          "texture": "#3"
        },
        "west": {
          "uv": [
            3.75,
            7,
            4.25,
            9.5
          ],
          "texture": "#3"
        },
        "up": {
          "uv": [
            8,
            6.5,
            4,
            6
          ],
          "texture": "#3"
        },
        "down": {
          "uv": [
            4,
            6.5,
            0,
            7
          ],
          "texture": "#3"
        }
      }
    }
  ],
  "display": {
    "thirdperson_righthand": {
      "scale": [
        0.5,
        0.5,
        0.2
      ]
    },
    "thirdperson_lefthand": {
      "scale": [
        0.5,
        0.5,
        0.2
      ]
    },
    "firstperson_righthand": {
      "scale": [
        0.5,
        0.5,
        0.2
      ]
    },
    "firstperson_lefthand": {
      "scale": [
        0.5,
        0.5,
        0.2
      ]
    },
    "gui": {
      "rotation": [
        180,
        0.5,
        180
      ],
      "translation": [
        0,
        -1,
        0
      ]
    },
    "fixed": {
      "translation": [
        0,
        0,
        -6.75
      ]
    }
  }
}