{
  "credit": "Made with Blockbench",
  "texture_size": [
    32,
    32
  ],
  "elements": [
    {
      "from": [
        0,
        0,
        4
      ],
      "to": [
        16,
        7,
        12
      ],
      "rotation": {
        "angle": 0,
        "axis": "y",
        "origin": [
          0,
          0,
          4
        ]
      },
      "faces": {
        "north": {
          "uv": [
            0,
            8,
            8,
            11.5
          ],
          "texture": "#0"
        },
        "east": {
          "uv": [
            8,
            3.5,
            12,
            7
          ],
          "texture": "#0"
        },
        "south": {
          "uv": [
            8,
            0,
            16,
            3.5
          ],
          "texture": "#0"
        },
        "west": {
          "uv": [
            8,
            7,
            12,
            10.5
          ],
          "texture": "#0"
        },
        "up": {
          "uv": [
            8,
            4,
            0,
            0
          ],
          "texture": "#0"
        },
        "down": {
          "uv": [
            8,
            4,
            0,
            8
          ],
          "texture": "#0"
        }
      }
    },
    {
      "from": [
        0,
        7,
        10
      ],
      "to": [
        2,
        14,
        12
      ],
      "rotation": {
        "angle": 0,
        "axis": "y",
        "origin": [
          0,
          7,
          10
        ]
      },
      "faces": {
        "north": {
          "uv": [
            8,
            10.5,
            9,
            14
          ],
          "texture": "#0"
        },
        "east": {
          "uv": [
            9,
            10.5,
            10,
            14
          ],
          "texture": "#0"
        },
        "south": {
          "uv": [
            10,
            10.5,
            11,
            14
          ],
          "texture": "#0"
        },
        "west": {
          "uv": [
            11,
            10.5,
            12,
            14
          ],
          "texture": "#0"
        },
        "up": {
          "uv": [
            1,
            12.5,
            0,
            11.5
          ],
          "texture": "#0"
        },
        "down": {
          "uv": [
            2,
            11.5,
            1,
            12.5
          ],
          "texture": "#0"
        }
      }
    }
  ],
  "display": {
    "thirdperson_righthand": {
      "scale": [
        0.7,
        0.7,
        0.5
      ]
    },
    "thirdperson_lefthand": {
      "scale": [
        0.7,
        0.7,
        0.5
      ]
    },
    "firstperson_righthand": {
      "translation": [
        0,
        3.75,
        0
      ],
      "scale": [
        0.7,
        0.7,
        0.5
      ]
    },
    "firstperson_lefthand": {
      "translation": [
        0,
        3.75,
        0
      ],
      "scale": [
        0.7,
        0.7,
        0.5
      ]
    },
    "gui": {
      "translation": [
        0,
        2.25,
        0
      ]
    },
    "head": {
      "translation": [
        0,
        5.75,
        0
      ]
    },
    "fixed": {
      "translation": [
        0,
        0,
        -4.25
      ]
    }
  }
}