{
	"format_version": "1.9.0",
	"credit": "Made with Blockbench",
	"texture_size": [32, 32],
	"textures": {
		"0": "camara",
		"particle": "camara"
	},
	"elements": [
		{
			"from": [3, 0, 4],
			"to": [13, 10, 14],
			"rotation": {"angle": 0, "axis": "y", "origin": [7, 0, 7]},
			"faces": {
				"north": {"uv": [0, 0, 5, 5], "texture": "#0"},
				"east": {"uv": [0, 5, 5, 10], "texture": "#0"},
				"south": {"uv": [5, 0, 10, 5], "texture": "#0"},
				"west": {"uv": [5, 5, 10, 10], "texture": "#0"},
				"up": {"uv": [5, 15, 0, 10], "texture": "#0"},
				"down": {"uv": [15, 0, 10, 5], "texture": "#0"}
			}
		},
		{
			"from": [6, 3, -5],
			"to": [10, 8, 4],
			"rotation": {"angle": 0, "axis": "y", "origin": [7, 6, 2]},
			"faces": {
				"north": {"uv": [10, 9, 12, 10.5], "texture": "#0"},
				"east": {"uv": [7, 10, 9.5, 11.5], "texture": "#0"},
				"south": {"uv": [9.5, 10.5, 11.5, 12], "texture": "#0"},
				"west": {"uv": [10, 7.5, 12.5, 9], "texture": "#0"},
				"up": {"uv": [7, 12.5, 5, 10], "texture": "#0"},
				"down": {"uv": [12, 5, 10, 7.5], "texture": "#0"}
			}
		}
	],
	"display": {
		"thirdperson_righthand": {
			"scale": [0.51, 0.51, 0.51]
		},
		"thirdperson_lefthand": {
			"scale": [0.51, 0.51, 0.51]
		},
		"gui": {
			"rotation": [180, -13.5, 180],
			"translation": [0, 3, 0]
		}
	}
}