{
  "_fv": 77,
  "_type": "gui",
  "definition": {
    "type": 0,
    "width": 176,
    "height": 166,
    "inventoryOffsetX": 0,
    "inventoryOffsetY": 0,
    "renderBgLayer": true,
    "doesPauseGame": false,
    "components": [
      {
        "type": "button",
        "data": {
          "name": "button_zombie",
          "text": "zombie",
          "isUndecorated": false,
          "onClick": {
            "name": "ZombieExplanation"
          },
          "width": 56,
          "height": 20,
          "x": 141,
          "y": 53,
          "locked": false
        }
      },
      {
        "type": "button",
        "data": {
          "name": "button_skeleton",
          "text": "skeleton",
          "isUndecorated": false,
          "onClick": {
            "name": "SkeletonExplanation"
          },
          "width": 67,
          "height": 20,
          "x": 222,
          "y": 53,
          "locked": false
        }
      },
      {
        "type": "button",
        "data": {
          "name": "button_spider",
          "text": "spider",
          "isUndecorated": false,
          "onClick": {
            "name": "SpiderExplanation"
          },
          "width": 56,
          "height": 20,
          "x": 141,
          "y": 89,
          "locked": false
        }
      },
      {
        "type": "button",
        "data": {
          "name": "button_creeper",
          "text": "creeper",
          "isUndecorated": false,
          "onClick": {
            "name": "CreeperExplanation"
          },
          "width": 61,
          "height": 20,
          "x": 231,
          "y": 89,
          "locked": false
        }
      },
      {
        "type": "button",
        "data": {
          "name": "button_pillager",
          "text": "pillager",
          "isUndecorated": false,
          "onClick": {
            "name": "RaiderExplanation"
          },
          "width": 67,
          "height": 20,
          "x": 141,
          "y": 125,
          "locked": false
        }
      },
      {
        "type": "button",
        "data": {
          "name": "button_slime",
          "text": "slime",
          "isUndecorated": false,
          "onClick": {
            "name": "SlimeExplanation"
          },
          "width": 51,
          "height": 20,
          "x": 240,
          "y": 125,
          "locked": false
        }
      },
      {
        "type": "image",
        "data": {
          "image": "bar.png",
          "use1Xscale": false,
          "x": 126,
          "y": 33,
          "locked": false
        }
      },
      {
        "type": "imagebutton",
        "data": {
          "name": "imagebutton_no",
          "image": "no.png",
          "hoveredImage": "nos.png",
          "onClick": {
            "name": "PScreen"
          },
          "x": 277,
          "y": 32,
          "locked": false
        }
      }
    ],
    "gridSettings": {
      "sx": 18,
      "sy": 18,
      "ox": 11,
      "oy": 15,
      "snapOnGrid": false
    }
  }
}