{
  "_fv": 77,
  "_type": "gui",
  "definition": {
    "type": 1,
    "width": 176,
    "height": 166,
    "inventoryOffsetX": 0,
    "inventoryOffsetY": 0,
    "renderBgLayer": true,
    "doesPauseGame": false,
    "components": [
      {
        "type": "inputslot",
        "data": {
          "inputLimit": {
            "value": ""
          },
          "disablePlacement": {
            "fixedValue": false
          },
          "color": {
            "value": -10027162,
            "falpha": 0.0
          },
          "id": 0,
          "disablePickup": {
            "fixedValue": false
          },
          "dropItemsWhenNotBound": false,
          "x": 150,
          "y": 62,
          "locked": true
        }
      },
      {
        "type": "inputslot",
        "data": {
          "inputLimit": {
            "value": ""
          },
          "disablePlacement": {
            "fixedValue": false
          },
          "color": {
            "value": -10027162,
            "falpha": 0.0
          },
          "id": 1,
          "disablePickup": {
            "fixedValue": false
          },
          "dropItemsWhenNotBound": false,
          "x": 168,
          "y": 62,
          "locked": true
        }
      },
      {
        "type": "inputslot",
        "data": {
          "inputLimit": {
            "value": ""
          },
          "disablePlacement": {
            "fixedValue": false
          },
          "color": {
            "value": -10027162,
            "falpha": 0.0
          },
          "id": 2,
          "disablePickup": {
            "fixedValue": false
          },
          "dropItemsWhenNotBound": false,
          "x": 186,
          "y": 62,
          "locked": true
        }
      },
      {
        "type": "inputslot",
        "data": {
          "inputLimit": {
            "value": ""
          },
          "disablePlacement": {
            "fixedValue": false
          },
          "color": {
            "value": -10027162,
            "falpha": 0.0
          },
          "id": 3,
          "disablePickup": {
            "fixedValue": false
          },
          "dropItemsWhenNotBound": false,
          "x": 204,
          "y": 62,
          "locked": true
        }
      },
      {
        "type": "inputslot",
        "data": {
          "inputLimit": {
            "value": ""
          },
          "disablePlacement": {
            "fixedValue": false
          },
          "color": {
            "value": -10027162,
            "falpha": 0.0
          },
          "id": 4,
          "disablePickup": {
            "fixedValue": false
          },
          "dropItemsWhenNotBound": false,
          "x": 222,
          "y": 62,
          "locked": true
        }
      },
      {
        "type": "inputslot",
        "data": {
          "inputLimit": {
            "value": ""
          },
          "disablePlacement": {
            "fixedValue": false
          },
          "color": {
            "value": -10027162,
            "falpha": 0.0
          },
          "id": 5,
          "disablePickup": {
            "fixedValue": false
          },
          "dropItemsWhenNotBound": false,
          "x": 240,
          "y": 62,
          "locked": true
        }
      },
      {
        "type": "inputslot",
        "data": {
          "inputLimit": {
            "value": ""
          },
          "disablePlacement": {
            "fixedValue": false
          },
          "color": {
            "value": -10027162,
            "falpha": 0.0
          },
          "id": 6,
          "disablePickup": {
            "fixedValue": false
          },
          "dropItemsWhenNotBound": false,
          "x": 258,
          "y": 62,
          "locked": true
        }
      },
      {
        "type": "button",
        "data": {
          "name": "button_load",
          "text": "Load",
          "isUndecorated": false,
          "onClick": {
            "name": "Ploadenderchest"
          },
          "width": 46,
          "height": 20,
          "x": 132,
          "y": 89,
          "locked": true
        }
      },
      {
        "type": "button",
        "data": {
          "name": "button_save",
          "text": "Save",
          "isUndecorated": false,
          "onClick": {
            "name": "Pkeependerchest"
          },
          "width": 46,
          "height": 20,
          "x": 240,
          "y": 89,
          "locked": true
        }
      },
      {
        "type": "label",
        "data": {
          "name": "label_keep_your_valious_items_here",
          "text": {
            "fixedValue": "Keep your valious items here"
          },
          "color": {
            "value": -12829636,
            "falpha": 0.0
          },
          "x": 141,
          "y": 44,
          "locked": true
        }
      }
    ],
    "onClosed": {
      "name": "Pkeependerchest"
    },
    "gridSettings": {
      "sx": 18,
      "sy": 18,
      "ox": 11,
      "oy": 15,
      "snapOnGrid": true
    }
  }
}