{
  "_fv": 77,
  "_type": "gui",
  "definition": {
    "type": 0,
    "width": 176,
    "height": 166,
    "inventoryOffsetX": 0,
    "inventoryOffsetY": 0,
    "renderBgLayer": false,
    "doesPauseGame": false,
    "components": [
      {
        "type": "image",
        "data": {
          "image": "2024-11-16_21.06.16.png",
          "use1Xscale": true,
          "x": 12,
          "y": 20,
          "locked": false
        }
      },
      {
        "type": "label",
        "data": {
          "name": "label_turned_on_and_door",
          "text": {
            "fixedValue": "Turned on AND door"
          },
          "color": {
            "value": -1,
            "falpha": 0.0
          },
          "x": 175,
          "y": 147,
          "locked": false
        }
      },
      {
        "type": "button",
        "data": {
          "name": "button_last",
          "text": "Last",
          "isUndecorated": false,
          "onClick": {
            "name": "PExplainANDDoor"
          },
          "width": 46,
          "height": 20,
          "x": 140,
          "y": 168,
          "locked": false
        }
      }
    ],
    "gridSettings": {
      "sx": 18,
      "sy": 18,
      "ox": 11,
      "oy": 15,
      "snapOnGrid": false
    }
  }
}