{
  "_fv": 77,
  "_type": "gui",
  "definition": {
    "type": 0,
    "width": 176,
    "height": 166,
    "inventoryOffsetX": 0,
    "inventoryOffsetY": 0,
    "renderBgLayer": false,
    "doesPauseGame": false,
    "components": [
      {
        "type": "image",
        "data": {
          "image": "2024-11-16_21.06.06.png",
          "use1Xscale": true,
          "x": -32,
          "y": 14,
          "locked": false
        }
      },
      {
        "type": "label",
        "data": {
          "name": "label_or_door",
          "text": {
            "fixedValue": "Turned off AND Door"
          },
          "color": {
            "value": -1,
            "falpha": 0.0
          },
          "x": 142,
          "y": 155,
          "locked": false
        }
      },
      {
        "type": "button",
        "data": {
          "name": "button_next",
          "text": "Next",
          "isUndecorated": false,
          "onClick": {
            "name": "PopenAndP2"
          },
          "width": 46,
          "height": 20,
          "x": 254,
          "y": 157,
          "locked": false
        }
      }
    ],
    "gridSettings": {
      "sx": 18,
      "sy": 18,
      "ox": 11,
      "oy": 15,
      "snapOnGrid": false
    }
  }
}