{
  "_fv": 77,
  "_type": "gui",
  "definition": {
    "type": 0,
    "width": 176,
    "height": 166,
    "inventoryOffsetX": 0,
    "inventoryOffsetY": 0,
    "renderBgLayer": false,
    "doesPauseGame": false,
    "components": [
      {
        "type": "image",
        "data": {
          "image": "screen.png",
          "use1Xscale": true,
          "x": 33,
          "y": 6,
          "locked": false
        }
      },
      {
        "type": "label",
        "data": {
          "name": "label_drop_a_item_onto_the_hopper_and",
          "text": {
            "fixedValue": "Drop a item onto the hopper and put a comparator next to one hopper. You have the clock."
          },
          "color": {
            "value": -1,
            "falpha": 0.0
          },
          "x": -6,
          "y": 146,
          "locked": false
        }
      }
    ],
    "gridSettings": {
      "sx": 18,
      "sy": 18,
      "ox": 11,
      "oy": 15,
      "snapOnGrid": false
    }
  }
}