{
  "_fv": 77,
  "_type": "gui",
  "definition": {
    "type": 0,
    "width": 176,
    "height": 166,
    "inventoryOffsetX": 0,
    "inventoryOffsetY": 0,
    "renderBgLayer": false,
    "doesPauseGame": false,
    "components": [
      {
        "type": "label",
        "data": {
          "name": "label_el_generador_de_pulsos_se_hace_a",
          "text": {
            "fixedValue": "This is the pulse generator"
          },
          "color": {
            "value": -1,
            "falpha": 0.0
          },
          "x": 140,
          "y": 49,
          "locked": false
        }
      },
      {
        "type": "image",
        "data": {
          "image": "2024-11-15_19.43.19.png",
          "use1Xscale": true,
          "x": 53,
          "y": 36,
          "locked": false
        }
      },
      {
        "type": "label",
        "data": {
          "name": "label_turn_on_the_lever_then_turn_it",
          "text": {
            "fixedValue": "Turn on the lever, then, turn it off and you will see how it works"
          },
          "color": {
            "value": -1,
            "falpha": 0.0
          },
          "x": 63,
          "y": 61,
          "locked": false
        }
      }
    ],
    "gridSettings": {
      "sx": 18,
      "sy": 18,
      "ox": 11,
      "oy": 15,
      "snapOnGrid": false
    }
  }
}