{
  "_fv": 77,
  "_type": "gui",
  "definition": {
    "type": 0,
    "width": 176,
    "height": 166,
    "inventoryOffsetX": 0,
    "inventoryOffsetY": 0,
    "renderBgLayer": false,
    "doesPauseGame": false,
    "components": [
      {
        "type": "image",
        "data": {
          "image": "2024-11-16_21.02.46.png",
          "use1Xscale": true,
          "x": -9,
          "y": 49,
          "locked": false
        }
      },
      {
        "type": "label",
        "data": {
          "name": "label_not_door",
          "text": {
            "fixedValue": "Not Door"
          },
          "color": {
            "value": -1,
            "falpha": 0.0
          },
          "x": 193,
          "y": 39,
          "locked": false
        }
      }
    ],
    "gridSettings": {
      "sx": 18,
      "sy": 18,
      "ox": 11,
      "oy": 15,
      "snapOnGrid": false
    }
  }
}