{
  "_fv": 77,
  "_type": "gui",
  "definition": {
    "type": 0,
    "width": 176,
    "height": 166,
    "inventoryOffsetX": 0,
    "inventoryOffsetY": 0,
    "renderBgLayer": false,
    "doesPauseGame": false,
    "components": [
      {
        "type": "image",
        "data": {
          "image": "2024-11-16_20.19.00.png",
          "use1Xscale": true,
          "x": 32,
          "y": 66,
          "locked": false
        }
      },
      {
        "type": "label",
        "data": {
          "name": "label_repetidor_final",
          "text": {
            "fixedValue": "Put it next last repeater of the pulse generator exercise"
          },
          "color": {
            "value": -1,
            "falpha": 0.0
          },
          "x": 77,
          "y": 47,
          "locked": false
        }
      }
    ],
    "gridSettings": {
      "sx": 18,
      "sy": 18,
      "ox": 11,
      "oy": 15,
      "snapOnGrid": false
    }
  }
}