{
  "_fv": 77,
  "_type": "gui",
  "definition": {
    "type": 0,
    "width": 176,
    "height": 166,
    "inventoryOffsetX": 0,
    "inventoryOffsetY": 0,
    "renderBgLayer": true,
    "doesPauseGame": false,
    "components": [
      {
        "type": "label",
        "data": {
          "name": "label_sorry_this_page_is",
          "text": {
            "fixedValue": "Sorry, this page is "
          },
          "color": {
            "value": -12829636,
            "falpha": 0.0
          },
          "x": 159,
          "y": 56,
          "locked": false
        }
      },
      {
        "type": "label",
        "data": {
          "name": "label_been_developing",
          "text": {
            "fixedValue": "been developing"
          },
          "color": {
            "value": -12829636,
            "falpha": 0.0
          },
          "x": 160,
          "y": 70,
          "locked": false
        }
      },
      {
        "type": "image",
        "data": {
          "image": "aaaassss.png",
          "use1Xscale": false,
          "x": 179,
          "y": 86,
          "locked": false
        }
      },
      {
        "type": "imagebutton",
        "data": {
          "name": "imagebutton_atras",
          "image": "atras.png",
          "hoveredImage": "atras.png",
          "onClick": {
            "name": "PcloseErrorPage"
          },
          "x": 202,
          "y": 165,
          "locked": false
        }
      }
    ],
    "gridSettings": {
      "sx": 18,
      "sy": 18,
      "ox": 11,
      "oy": 15,
      "snapOnGrid": false
    }
  }
}