{
  "_fv": 77,
  "_type": "gui",
  "definition": {
    "type": 0,
    "width": 176,
    "height": 166,
    "inventoryOffsetX": 0,
    "inventoryOffsetY": 0,
    "renderBgLayer": false,
    "doesPauseGame": true,
    "components": [
      {
        "type": "imagebutton",
        "data": {
          "name": "imagebutton_mosender",
          "image": "tarjpant.png",
          "hoveredImage": "tarjclick.png",
          "onClick": {
            "name": "PopenShop"
          },
          "x": 96,
          "y": 26,
          "locked": false
        }
      },
      {
        "type": "imagebutton",
        "data": {
          "name": "imagebutton_mossetings",
          "image": "mossetings.png",
          "hoveredImage": "setclick.png",
          "onClick": {
            "name": "PopenSettings"
          },
          "x": 96,
          "y": 62,
          "locked": false
        }
      },
      {
        "type": "imagebutton",
        "data": {
          "name": "imagebutton_mossaid",
          "image": "mossaid.png",
          "hoveredImage": "faidclick.png",
          "onClick": {
            "name": "FirstAid"
          },
          "displayCondition": {
            "name": "Preturnfaid"
          },
          "x": 150,
          "y": 26,
          "locked": false
        }
      },
      {
        "type": "imagebutton",
        "data": {
          "name": "imagebutton_mineoxexp",
          "image": "mineoxexp.png",
          "hoveredImage": "wikiclick.png",
          "onClick": {
            "name": "PopenWiki"
          },
          "x": 177,
          "y": 26,
          "locked": false
        }
      },
      {
        "type": "label",
        "data": {
          "name": "label_welcomebienvenid",
          "text": {
            "fixedValue": "Welcome"
          },
          "color": {
            "value": -16777216,
            "falpha": 0.0
          },
          "x": 114,
          "y": 8,
          "locked": false
        }
      },
      {
        "type": "label",
        "data": {
          "name": "label_do_you_like_this_mod",
          "text": {
            "fixedValue": "Do you like this mod???"
          },
          "color": {
            "value": -16777216,
            "falpha": 0.0
          },
          "x": 222,
          "y": 26,
          "locked": false
        }
      },
      {
        "type": "imagebutton",
        "data": {
          "name": "imagebutton_si",
          "image": "sis.png",
          "hoveredImage": "si.png",
          "onClick": {
            "name": "PPositiveFeedback"
          },
          "x": 249,
          "y": 44,
          "locked": false
        }
      },
      {
        "type": "imagebutton",
        "data": {
          "name": "imagebutton_no",
          "image": "nos.png",
          "hoveredImage": "no.png",
          "onClick": {
            "name": "PNegativeFeedback"
          },
          "x": 294,
          "y": 44,
          "locked": false
        }
      },
      {
        "type": "image",
        "data": {
          "image": "cgr_logo_negro.png",
          "use1Xscale": true,
          "x": 96,
          "y": -1,
          "locked": true
        }
      },
      {
        "type": "imagebutton",
        "data": {
          "name": "imagebutton_mosender1",
          "image": "mosender.png",
          "hoveredImage": "endeclick.png",
          "onClick": {
            "name": "Popenenderchest"
          },
          "x": 123,
          "y": 26,
          "locked": false
        }
      },
      {
        "type": "label",
        "data": {
          "name": "label_shop",
          "text": {
            "fixedValue": "Shop"
          },
          "color": {
            "value": -12829636,
            "falpha": 0.0
          },
          "x": 96,
          "y": 44,
          "locked": false
        }
      },
      {
        "type": "label",
        "data": {
          "name": "label_set",
          "text": {
            "fixedValue": "Set"
          },
          "color": {
            "value": -12829636,
            "falpha": 0.0
          },
          "x": 96,
          "y": 80,
          "locked": false
        }
      },
      {
        "type": "label",
        "data": {
          "name": "label_faid",
          "text": {
            "fixedValue": "Faid"
          },
          "color": {
            "value": -12829636,
            "falpha": 0.0
          },
          "displayCondition": {
            "name": "Preturnfaid"
          },
          "x": 150,
          "y": 44,
          "locked": false
        }
      },
      {
        "type": "label",
        "data": {
          "name": "label_wiki",
          "text": {
            "fixedValue": "Wiki"
          },
          "color": {
            "value": -12829636,
            "falpha": 0.0
          },
          "x": 177,
          "y": 44,
          "locked": false
        }
      },
      {
        "type": "label",
        "data": {
          "name": "label_bag",
          "text": {
            "fixedValue": "Bag"
          },
          "color": {
            "value": -12829636,
            "falpha": 0.0
          },
          "x": 123,
          "y": 44,
          "locked": false
        }
      }
    ],
    "gridSettings": {
      "sx": 18,
      "sy": 18,
      "ox": 11,
      "oy": 15,
      "snapOnGrid": true
    }
  }
}