{
  "_fv": 77,
  "_type": "gui",
  "definition": {
    "type": 0,
    "width": 176,
    "height": 166,
    "inventoryOffsetX": 0,
    "inventoryOffsetY": 0,
    "renderBgLayer": true,
    "doesPauseGame": false,
    "components": [
      {
        "type": "button",
        "data": {
          "name": "button_clock_generator",
          "text": "Pulse Generator",
          "isUndecorated": false,
          "onClick": {
            "name": "PexplainPulseGenerator"
          },
          "width": 103,
          "height": 20,
          "x": 159,
          "y": 62,
          "locked": false
        }
      },
      {
        "type": "button",
        "data": {
          "name": "button_pulse_expansor",
          "text": "Pulse expansor",
          "isUndecorated": false,
          "onClick": {
            "name": "PopenExamplePulseExpansor"
          },
          "width": 98,
          "height": 20,
          "x": 159,
          "y": 89,
          "locked": false
        }
      },
      {
        "type": "button",
        "data": {
          "name": "button_pulse_limitator",
          "text": "Pulse limitator",
          "isUndecorated": false,
          "onClick": {
            "name": "PexplainPulseLimitator"
          },
          "width": 103,
          "height": 20,
          "x": 159,
          "y": 116,
          "locked": false
        }
      },
      {
        "type": "image",
        "data": {
          "image": "bar.png",
          "use1Xscale": false,
          "x": 126,
          "y": 38,
          "locked": false
        }
      },
      {
        "type": "imagebutton",
        "data": {
          "name": "imagebutton_no",
          "image": "no.png",
          "hoveredImage": "nos.png",
          "onClick": {
            "name": "PScreen"
          },
          "x": 276,
          "y": 38,
          "locked": false
        }
      }
    ],
    "gridSettings": {
      "sx": 20,
      "sy": 20,
      "ox": 11,
      "oy": 15,
      "snapOnGrid": true
    }
  }
}