{
  "_fv": 77,
  "_type": "gui",
  "definition": {
    "type": 0,
    "width": 176,
    "height": 166,
    "inventoryOffsetX": 0,
    "inventoryOffsetY": 0,
    "renderBgLayer": true,
    "doesPauseGame": false,
    "components": [
      {
        "type": "label",
        "data": {
          "name": "label_minecraft_wiki",
          "text": {
            "fixedValue": "Minecraft Wiki"
          },
          "color": {
            "value": -3381760,
            "falpha": 0.0
          },
          "x": 174,
          "y": 62,
          "locked": false
        }
      },
      {
        "type": "button",
        "data": {
          "name": "button_mobs",
          "text": "Mobs",
          "isUndecorated": false,
          "onClick": {
            "name": "OpenGUICombatGuide"
          },
          "width": 46,
          "height": 20,
          "x": 144,
          "y": 76,
          "locked": false
        }
      },
      {
        "type": "button",
        "data": {
          "name": "button_redstone",
          "text": "Redstone",
          "isUndecorated": false,
          "onClick": {
            "name": "PopenRedstoneWiki"
          },
          "width": 67,
          "height": 20,
          "x": 208,
          "y": 75,
          "locked": false
        }
      },
      {
        "type": "label",
        "data": {
          "name": "label_this_wiki_is_not_affiliated_with",
          "text": {
            "fixedValue": "This wiki is not affiliated with"
          },
          "color": {
            "value": -13312,
            "falpha": 0.0
          },
          "x": 129,
          "y": 111,
          "locked": false
        }
      },
      {
        "type": "label",
        "data": {
          "name": "label_mojang_ab_or_microsoft",
          "text": {
            "fixedValue": "Mojang AB, Minecraft or Microsoft."
          },
          "color": {
            "value": -13312,
            "falpha": 0.0
          },
          "x": 129,
          "y": 126,
          "locked": false
        }
      },
      {
        "type": "image",
        "data": {
          "image": "bar.png",
          "use1Xscale": false,
          "x": 125,
          "y": 36,
          "locked": false
        }
      },
      {
        "type": "imagebutton",
        "data": {
          "name": "imagebutton_no",
          "image": "no.png",
          "hoveredImage": "nos.png",
          "onClick": {
            "name": "PScreen"
          },
          "x": 274,
          "y": 34,
          "locked": false
        }
      }
    ],
    "gridSettings": {
      "sx": 18,
      "sy": 18,
      "ox": 11,
      "oy": 15,
      "snapOnGrid": false
    }
  }
}