{
  "_fv": 77,
  "_type": "gui",
  "definition": {
    "type": 0,
    "width": 176,
    "height": 166,
    "inventoryOffsetX": 0,
    "inventoryOffsetY": 0,
    "renderBgLayer": true,
    "doesPauseGame": false,
    "components": [
      {
        "type": "imagebutton",
        "data": {
          "name": "imagebutton_mosender",
          "image": "tarjpant.png",
          "hoveredImage": "tarjclick.png",
          "onClick": {
            "name": "Pexplainshop"
          },
          "x": 146,
          "y": 78,
          "locked": false
        }
      },
      {
        "type": "imagebutton",
        "data": {
          "name": "imagebutton_mossetings",
          "image": "mossetings.png",
          "hoveredImage": "setclick.png",
          "onClick": {
            "name": "PexplainSettings"
          },
          "x": 177,
          "y": 80,
          "locked": false
        }
      },
      {
        "type": "imagebutton",
        "data": {
          "name": "imagebutton_mossaid",
          "image": "mossaid.png",
          "hoveredImage": "faidclick.png",
          "onClick": {
            "name": "PexplainFaid"
          },
          "x": 213,
          "y": 80,
          "locked": false
        }
      },
      {
        "type": "label",
        "data": {
          "name": "label_welcomebienvenid",
          "text": {
            "fixedValue": "Phone Wiki"
          },
          "color": {
            "value": -65536,
            "falpha": 0.0
          },
          "x": 141,
          "y": 62,
          "locked": false
        }
      },
      {
        "type": "label",
        "data": {
          "name": "label_this_wiki_is_an_digitech_officia",
          "text": {
            "fixedValue": "This wiki is an Digitech official "
          },
          "color": {
            "value": -13312,
            "falpha": 0.0
          },
          "x": 132,
          "y": 143,
          "locked": false
        }
      },
      {
        "type": "label",
        "data": {
          "name": "label_wiki_of_digitech_and_is_affiliat",
          "text": {
            "fixedValue": "wiki and is affiliated with"
          },
          "color": {
            "value": -13312,
            "falpha": 0.0
          },
          "x": 132,
          "y": 161,
          "locked": false
        }
      },
      {
        "type": "label",
        "data": {
          "name": "label_buildercgr",
          "text": {
            "fixedValue": "BuilderCGR"
          },
          "color": {
            "value": -256,
            "falpha": 0.0
          },
          "x": 132,
          "y": 179,
          "locked": false
        }
      },
      {
        "type": "imagebutton",
        "data": {
          "name": "imagebutton_mineoxexp",
          "image": "mineoxexp.png",
          "hoveredImage": "wikiclick.png",
          "onClick": {
            "name": "PexplainWiki"
          },
          "x": 249,
          "y": 80,
          "locked": false
        }
      },
      {
        "type": "imagebutton",
        "data": {
          "name": "imagebutton_mosender1",
          "image": "mosender.png",
          "hoveredImage": "endeclick.png",
          "onClick": {
            "name": "PexplainEnderchest"
          },
          "x": 153,
          "y": 103,
          "locked": false
        }
      },
      {
        "type": "button",
        "data": {
          "name": "button_close",
          "text": "close",
          "isUndecorated": false,
          "onClick": {
            "name": "PfinishTut"
          },
          "width": 51,
          "height": 20,
          "x": 213,
          "y": 107,
          "locked": false
        }
      },
      {
        "type": "image",
        "data": {
          "image": "bar.png",
          "use1Xscale": false,
          "x": 126,
          "y": 38,
          "locked": false
        }
      },
      {
        "type": "imagebutton",
        "data": {
          "name": "imagebutton_no",
          "image": "no.png",
          "hoveredImage": "nos.png",
          "onClick": {
            "name": "PScreen"
          },
          "x": 276,
          "y": 38,
          "locked": false
        }
      }
    ],
    "onOpen": {
      "name": "PlogroWiki"
    },
    "gridSettings": {
      "sx": 20,
      "sy": 20,
      "ox": 11,
      "oy": 15,
      "snapOnGrid": true
    }
  }
}