{
  "_fv": 77,
  "_type": "recipe",
  "definition": {
    "recipeType": "Crafting",
    "recipeRetstackSize": 1,
    "group": "",
    "cookingBookCategory": "MISC",
    "xpReward": 0.0,
    "cookingTime": 200,
    "craftingBookCategory": "REDSTONE",
    "recipeShapeless": false,
    "recipeSlots": [
      {
        "value": ""
      },
      {
        "value": "CUSTOM:MicroChipDust"
      },
      {
        "value": ""
      },
      {
        "value": "CUSTOM:MicroChipDust"
      },
      {
        "value": "Blocks.LEVER"
      },
      {
        "value": "CUSTOM:MicroChipDust"
      },
      {
        "value": "Blocks.GLASS"
      },
      {
        "value": "Blocks.GLASS"
      },
      {
        "value": "Blocks.GLASS"
      }
    ],
    "recipeReturnStack": {
      "value": "CUSTOM:Mobile"
    },
    "name": "mobilerecipe",
    "namespace": "mod"
  }
}