{
  "_fv": 77,
  "_type": "recipe",
  "definition": {
    "recipeType": "Crafting",
    "recipeRetstackSize": 1,
    "group": "cases",
    "cookingBookCategory": "MISC",
    "xpReward": 0.0,
    "cookingTime": 200,
    "craftingBookCategory": "REDSTONE",
    "recipeShapeless": false,
    "recipeSlots": [
      {
        "value": "CUSTOM:PlasticIngot"
      },
      {
        "value": "CUSTOM:PlasticIngot"
      },
      {
        "value": "Blocks.GLASS"
      },
      {
        "value": "CUSTOM:PlasticIngot"
      },
      {
        "value": "CUSTOM:PlasticIngot"
      },
      {
        "value": "Items.DYE#14"
      },
      {
        "value": "CUSTOM:PlasticIngot"
      },
      {
        "value": "CUSTOM:PlasticIngot"
      },
      {
        "value": "Items.DYE#14"
      }
    ],
    "recipeReturnStack": {
      "value": "CUSTOM:OrangePhonecase"
    },
    "name": "orange_case_recipe",
    "namespace": "mod"
  }
}