{
  "_fv": 77,
  "_type": "recipe",
  "definition": {
    "recipeType": "Crafting",
    "recipeRetstackSize": 1,
    "group": "redstone",
    "cookingBookCategory": "MISC",
    "xpReward": 0.0,
    "cookingTime": 200,
    "craftingBookCategory": "REDSTONE",
    "recipeShapeless": false,
    "recipeSlots": [
      {
        "value": "Items.REDSTONE_TORCH"
      },
      {
        "value": "CUSTOM:MicroChipDust"
      },
      {
        "value": "Blocks.HOPPER"
      },
      {
        "value": "Items.IRON_INGOT"
      },
      {
        "value": "CUSTOM:MicroChipDust"
      },
      {
        "value": "Items.IRON_INGOT"
      },
      {
        "value": ""
      },
      {
        "value": "Items.IRON_INGOT"
      },
      {
        "value": ""
      }
    ],
    "recipeReturnStack": {
      "value": "CUSTOM:PC"
    },
    "name": "pcre",
    "namespace": "minecraft"
  }
}