{
  "_fv": 77,
  "_type": "gui",
  "definition": {
    "type": 0,
    "width": 176,
    "height": 166,
    "inventoryOffsetX": 0,
    "inventoryOffsetY": 0,
    "renderBgLayer": true,
    "doesPauseGame": false,
    "components": [
      {
        "type": "button",
        "data": {
          "name": "button_intro",
          "text": "Intro",
          "isUndecorated": false,
          "onClick": {
            "name": "PwelcomeRedstoneWiki"
          },
          "width": 51,
          "height": 20,
          "x": 136,
          "y": 53,
          "locked": false
        }
      },
      {
        "type": "button",
        "data": {
          "name": "button_the_dust",
          "text": "The dust ",
          "isUndecorated": false,
          "onClick": {
            "name": "PExplainRedstoneDust"
          },
          "width": 71,
          "height": 20,
          "x": 136,
          "y": 86,
          "locked": false
        }
      },
      {
        "type": "button",
        "data": {
          "name": "button_the_repeater",
          "text": "The repeater",
          "isUndecorated": false,
          "onClick": {
            "name": "PexplainRepeater"
          },
          "width": 87,
          "height": 20,
          "x": 134,
          "y": 117,
          "locked": false
        }
      },
      {
        "type": "button",
        "data": {
          "name": "button_the_comparator",
          "text": "The Comparator",
          "isUndecorated": false,
          "onClick": {
            "name": "PexplainComparator"
          },
          "width": 98,
          "height": 20,
          "x": 134,
          "y": 147,
          "locked": false
        }
      },
      {
        "type": "button",
        "data": {
          "name": "button_los_generadores_de_energia",
          "text": "The energy generator",
          "isUndecorated": false,
          "onClick": {
            "name": "PexplainGenerator"
          },
          "width": 160,
          "height": 20,
          "x": 132,
          "y": 174,
          "locked": false
        }
      },
      {
        "type": "image",
        "data": {
          "image": "bar.png",
          "use1Xscale": false,
          "x": 126,
          "y": 37,
          "locked": false
        }
      },
      {
        "type": "imagebutton",
        "data": {
          "name": "imagebutton_no",
          "image": "no.png",
          "hoveredImage": "nos.png",
          "onClick": {
            "name": "PScreen"
          },
          "x": 275,
          "y": 36,
          "locked": false
        }
      },
      {
        "type": "imagebutton",
        "data": {
          "name": "imagebutton_df2",
          "image": "df2.png",
          "hoveredImage": "",
          "onClick": {
            "name": "PopenRedstoneMenu2"
          },
          "x": 281,
          "y": 53,
          "locked": false
        }
      }
    ],
    "gridSettings": {
      "sx": 18,
      "sy": 18,
      "ox": 11,
      "oy": 15,
      "snapOnGrid": false
    }
  }
}