{
  "_fv": 77,
  "_type": "gui",
  "definition": {
    "type": 0,
    "width": 176,
    "height": 166,
    "inventoryOffsetX": 0,
    "inventoryOffsetY": 0,
    "renderBgLayer": true,
    "doesPauseGame": false,
    "components": [
      {
        "type": "button",
        "data": {
          "name": "button_clocks",
          "text": "Clocks",
          "isUndecorated": false,
          "onClick": {
            "name": "PexplainClocks"
          },
          "width": 56,
          "height": 20,
          "x": 143,
          "y": 52,
          "locked": false
        }
      },
      {
        "type": "button",
        "data": {
          "name": "button_pulse_circuits",
          "text": "Pulse circuits",
          "isUndecorated": false,
          "onClick": {
            "name": "PopenPulseMenu"
          },
          "width": 98,
          "height": 20,
          "x": 143,
          "y": 83,
          "locked": false
        }
      },
      {
        "type": "button",
        "data": {
          "name": "button_technic_doors",
          "text": "Technic doors",
          "isUndecorated": false,
          "onClick": {
            "name": "PexplainTechnicDoors"
          },
          "width": 93,
          "height": 20,
          "x": 146,
          "y": 118,
          "locked": false
        }
      },
      {
        "type": "button",
        "data": {
          "name": "button_simple_technic_farms",
          "text": "Simple technic farms",
          "isUndecorated": false,
          "onClick": {
            "name": "PopenGUIerrorDeveloping"
          },
          "width": 129,
          "height": 20,
          "x": 143,
          "y": 144,
          "locked": false
        }
      },
      {
        "type": "image",
        "data": {
          "image": "bar.png",
          "use1Xscale": false,
          "x": 126,
          "y": 38,
          "locked": false
        }
      },
      {
        "type": "imagebutton",
        "data": {
          "name": "imagebutton_no",
          "image": "no.png",
          "hoveredImage": "nos.png",
          "onClick": {
            "name": "PScreen"
          },
          "x": 276,
          "y": 38,
          "locked": false
        }
      }
    ],
    "gridSettings": {
      "sx": 20,
      "sy": 20,
      "ox": 11,
      "oy": 15,
      "snapOnGrid": true
    }
  }
}