{
  "_fv": 77,
  "_type": "gui",
  "definition": {
    "type": 0,
    "width": 176,
    "height": 166,
    "inventoryOffsetX": 0,
    "inventoryOffsetY": 0,
    "renderBgLayer": true,
    "doesPauseGame": false,
    "components": [
      {
        "type": "label",
        "data": {
          "name": "label_welcome_to_the_redstone_wiki_he",
          "text": {
            "fixedValue": "Welcome to the redstone wiki."
          },
          "color": {
            "value": -12829636,
            "falpha": 0.0
          },
          "x": 138,
          "y": 54,
          "locked": false
        }
      },
      {
        "type": "label",
        "data": {
          "name": "label_here_you_going_to_learn_with_tut",
          "text": {
            "fixedValue": "This is a collection of tuts witch "
          },
          "color": {
            "value": -12829636,
            "falpha": 0.0
          },
          "x": 124,
          "y": 73,
          "locked": false
        }
      },
      {
        "type": "label",
        "data": {
          "name": "label_crafted_by_buildercgr",
          "text": {
            "fixedValue": "Crafted by BuilderCGR"
          },
          "color": {
            "value": -12829636,
            "falpha": 0.0
          },
          "x": 155,
          "y": 121,
          "locked": false
        }
      },
      {
        "type": "label",
        "data": {
          "name": "label_can_help_you_for_the_difficult_r",
          "text": {
            "fixedValue": "can help you for reach the "
          },
          "color": {
            "value": -12829636,
            "falpha": 0.0
          },
          "x": 136,
          "y": 89,
          "locked": false
        }
      },
      {
        "type": "label",
        "data": {
          "name": "label_redstone_world",
          "text": {
            "fixedValue": "awesome redstone world"
          },
          "color": {
            "value": -12829636,
            "falpha": 0.0
          },
          "x": 154,
          "y": 103,
          "locked": false
        }
      },
      {
        "type": "button",
        "data": {
          "name": "button_easy_tuts",
          "text": "Easy tuts",
          "isUndecorated": false,
          "onClick": {
            "name": "PopenRedstonemenu"
          },
          "width": 72,
          "height": 20,
          "x": 132,
          "y": 141,
          "locked": false
        }
      },
      {
        "type": "button",
        "data": {
          "name": "button_medium_tuts",
          "text": "Medium tuts",
          "isUndecorated": false,
          "onClick": {
            "name": "PopenMediumredstoneMenu"
          },
          "width": 82,
          "height": 20,
          "x": 210,
          "y": 141,
          "locked": false
        }
      },
      {
        "type": "button",
        "data": {
          "name": "button_difficult_tuts",
          "text": "Difficult tuts",
          "isUndecorated": false,
          "onClick": {
            "name": "PopenGUIerrorDeveloping"
          },
          "width": 98,
          "height": 20,
          "x": 159,
          "y": 172,
          "locked": false
        }
      },
      {
        "type": "image",
        "data": {
          "image": "bar.png",
          "use1Xscale": false,
          "x": 126,
          "y": 36,
          "locked": false
        }
      },
      {
        "type": "imagebutton",
        "data": {
          "name": "imagebutton_no",
          "image": "no.png",
          "hoveredImage": "nos.png",
          "onClick": {
            "name": "PScreen"
          },
          "x": 275,
          "y": 35,
          "locked": false
        }
      }
    ],
    "gridSettings": {
      "sx": 18,
      "sy": 18,
      "ox": 11,
      "oy": 15,
      "snapOnGrid": false
    }
  }
}