{
  "_fv": 77,
  "_type": "gui",
  "definition": {
    "type": 0,
    "width": 176,
    "height": 166,
    "inventoryOffsetX": 0,
    "inventoryOffsetY": 0,
    "renderBgLayer": true,
    "doesPauseGame": false,
    "components": [
      {
        "type": "button",
        "data": {
          "name": "button_the_receptors",
          "text": "The receptors",
          "isUndecorated": false,
          "onClick": {
            "name": "PexplainReceivers"
          },
          "width": 93,
          "height": 20,
          "x": 203,
          "y": 83,
          "locked": false
        }
      },
      {
        "type": "button",
        "data": {
          "name": "button_the_pressure_plate",
          "text": "The pressure plate",
          "isUndecorated": false,
          "onClick": {
            "name": "PexplainPression"
          },
          "width": 119,
          "height": 20,
          "x": 177,
          "y": 56,
          "locked": false
        }
      },
      {
        "type": "button",
        "data": {
          "name": "button_vertically_transmission",
          "text": "Vertically transmission",
          "isUndecorated": false,
          "onClick": {
            "name": "PexplainVerticalTransmission"
          },
          "width": 145,
          "height": 20,
          "x": 150,
          "y": 134,
          "locked": false
        }
      },
      {
        "type": "button",
        "data": {
          "name": "button_the_hopper",
          "text": "The hopper",
          "isUndecorated": false,
          "onClick": {
            "name": "PexplainHopper"
          },
          "width": 77,
          "height": 20,
          "x": 218,
          "y": 109,
          "locked": false
        }
      },
      {
        "type": "button",
        "data": {
          "name": "button_end_of_easy_tuts",
          "text": "End of easy tuts",
          "isUndecorated": false,
          "onClick": {
            "name": "Pfinalistation"
          },
          "width": 108,
          "height": 20,
          "x": 189,
          "y": 160,
          "locked": false
        }
      },
      {
        "type": "image",
        "data": {
          "image": "bar.png",
          "use1Xscale": false,
          "x": 126,
          "y": 36,
          "locked": false
        }
      },
      {
        "type": "imagebutton",
        "data": {
          "name": "imagebutton_no",
          "image": "no.png",
          "hoveredImage": "nos.png",
          "onClick": {
            "name": "PScreen"
          },
          "x": 279,
          "y": 36,
          "locked": false
        }
      },
      {
        "type": "imagebutton",
        "data": {
          "name": "imagebutton_df",
          "image": "df.png",
          "hoveredImage": "",
          "onClick": {
            "name": "PopenRedstonemenu"
          },
          "x": 135,
          "y": 56,
          "locked": false
        }
      }
    ],
    "gridSettings": {
      "sx": 18,
      "sy": 18,
      "ox": 11,
      "oy": 15,
      "snapOnGrid": false
    }
  }
}