{
  "_fv": 77,
  "_type": "gui",
  "definition": {
    "type": 0,
    "width": 176,
    "height": 166,
    "inventoryOffsetX": 0,
    "inventoryOffsetY": 0,
    "renderBgLayer": false,
    "doesPauseGame": false,
    "components": [
      {
        "type": "button",
        "data": {
          "name": "button_not",
          "text": "NOT",
          "isUndecorated": false,
          "onClick": {
            "name": "PexplainNOTDoor"
          },
          "width": 40,
          "height": 20,
          "x": 168,
          "y": 71,
          "locked": false
        }
      },
      {
        "type": "button",
        "data": {
          "name": "button_or",
          "text": "OR",
          "isUndecorated": false,
          "onClick": {
            "name": "PexplainORDoor"
          },
          "width": 35,
          "height": 20,
          "x": 231,
          "y": 71,
          "locked": false
        }
      },
      {
        "type": "button",
        "data": {
          "name": "button_nor",
          "text": "NOR",
          "isUndecorated": false,
          "onClick": {
            "name": "PexplainNORDoor"
          },
          "width": 40,
          "height": 20,
          "x": 168,
          "y": 125,
          "locked": false
        }
      },
      {
        "type": "button",
        "data": {
          "name": "button_and",
          "text": "AND",
          "isUndecorated": false,
          "onClick": {
            "name": "PExplainANDDoor"
          },
          "width": 40,
          "height": 20,
          "x": 226,
          "y": 128,
          "locked": false
        }
      },
      {
        "type": "image",
        "data": {
          "image": "bar.png",
          "use1Xscale": false,
          "x": 126,
          "y": 38,
          "locked": false
        }
      },
      {
        "type": "imagebutton",
        "data": {
          "name": "imagebutton_no",
          "image": "no.png",
          "hoveredImage": "nos.png",
          "onClick": {
            "name": "PScreen"
          },
          "x": 276,
          "y": 38,
          "locked": false
        }
      }
    ],
    "gridSettings": {
      "sx": 20,
      "sy": 20,
      "ox": 11,
      "oy": 15,
      "snapOnGrid": true
    }
  }
}