{
  "_fv": 77,
  "_type": "gui",
  "definition": {
    "type": 0,
    "width": 176,
    "height": 166,
    "inventoryOffsetX": 0,
    "inventoryOffsetY": 0,
    "renderBgLayer": true,
    "doesPauseGame": false,
    "components": [
      {
        "type": "label",
        "data": {
          "name": "label_welcome_to_rememberme",
          "text": {
            "fixedValue": "Welcome to RememberMe"
          },
          "color": {
            "value": -12829636,
            "falpha": 0.0
          },
          "x": 150,
          "y": 44,
          "locked": false
        }
      },
      {
        "type": "textfield",
        "data": {
          "placeholder": "Input a text to remember",
          "name": "remembertext",
          "width": 120,
          "height": 20,
          "x": 150,
          "y": 71,
          "locked": false
        }
      },
      {
        "type": "textfield",
        "data": {
          "placeholder": "When the message will appears you (pls, imput in minutes)",
          "name": "minutes",
          "width": 120,
          "height": 20,
          "x": 150,
          "y": 107,
          "locked": false
        }
      },
      {
        "type": "button",
        "data": {
          "name": "button_create_remember",
          "text": "Create remember",
          "isUndecorated": false,
          "onClick": {
            "name": "Premember"
          },
          "width": 103,
          "height": 20,
          "x": 159,
          "y": 143,
          "locked": false
        }
      }
    ],
    "gridSettings": {
      "sx": 18,
      "sy": 18,
      "ox": 11,
      "oy": 15,
      "snapOnGrid": true
    }
  }
}