{
  "_fv": 77,
  "_type": "gui",
  "definition": {
    "type": 0,
    "width": 176,
    "height": 166,
    "inventoryOffsetX": 0,
    "inventoryOffsetY": 0,
    "renderBgLayer": false,
    "doesPauseGame": false,
    "components": [
      {
        "type": "image",
        "data": {
          "image": "gsetdark3.png",
          "use1Xscale": false,
          "x": 126,
          "y": 37,
          "locked": true
        }
      },
      {
        "type": "label",
        "data": {
          "name": "label_settings",
          "text": {
            "fixedValue": "Settings:"
          },
          "color": {
            "value": -1,
            "falpha": 0.0
          },
          "x": 126,
          "y": 41,
          "locked": false
        }
      },
      {
        "type": "button",
        "data": {
          "name": "button_phone",
          "text": "Phone",
          "isUndecorated": true,
          "onClick": {
            "name": "PopenSetPhone"
          },
          "width": 51,
          "height": 20,
          "x": 125,
          "y": 72,
          "locked": false
        }
      },
      {
        "type": "button",
        "data": {
          "name": "button_wifi",
          "text": "Wifi",
          "isUndecorated": true,
          "width": 46,
          "height": 20,
          "x": 127,
          "y": 96,
          "locked": false
        }
      },
      {
        "type": "button",
        "data": {
          "name": "button_minecraft",
          "text": "Minecraft",
          "isUndecorated": true,
          "onClick": {
            "name": "PopenMCSet"
          },
          "width": 72,
          "height": 20,
          "x": 126,
          "y": 116,
          "locked": false
        }
      },
      {
        "type": "image",
        "data": {
          "image": "bar.png",
          "use1Xscale": false,
          "x": 126,
          "y": 29,
          "locked": true
        }
      },
      {
        "type": "imagebutton",
        "data": {
          "name": "imagebutton_no",
          "image": "no.png",
          "hoveredImage": "nos.png",
          "onClick": {
            "name": "PScreen"
          },
          "x": 285,
          "y": 27,
          "locked": false
        }
      },
      {
        "type": "label",
        "data": {
          "name": "label_time",
          "text": {
            "fixedValue": "Time:"
          },
          "color": {
            "value": -1,
            "falpha": 0.0
          },
          "x": 180,
          "y": 44,
          "locked": false
        }
      },
      {
        "type": "checkbox",
        "data": {
          "name": "sunset",
          "text": "Sunset",
          "x": 181,
          "y": 133,
          "locked": false
        }
      },
      {
        "type": "checkbox",
        "data": {
          "name": "morning",
          "text": "Morning",
          "x": 181,
          "y": 81,
          "locked": false
        }
      },
      {
        "type": "checkbox",
        "data": {
          "name": "afternoon",
          "text": "Afternoon",
          "x": 181,
          "y": 106,
          "locked": false
        }
      },
      {
        "type": "checkbox",
        "data": {
          "name": "sunrise",
          "text": "Sunrise",
          "x": 181,
          "y": 54,
          "locked": false
        }
      },
      {
        "type": "checkbox",
        "data": {
          "name": "night",
          "text": "Night",
          "x": 181,
          "y": 159,
          "locked": false
        }
      },
      {
        "type": "button",
        "data": {
          "name": "button_save",
          "text": "Save",
          "isUndecorated": false,
          "onClick": {
            "name": "Psavetime"
          },
          "width": 46,
          "height": 20,
          "x": 180,
          "y": 180,
          "locked": false
        }
      },
      {
        "type": "button",
        "data": {
          "name": "button_next_page",
          "text": "Next Page",
          "isUndecorated": false,
          "onClick": {
            "name": "PpenMode"
          },
          "width": 72,
          "height": 20,
          "x": 230,
          "y": 180,
          "locked": false
        }
      }
    ],
    "gridSettings": {
      "sx": 18,
      "sy": 18,
      "ox": 11,
      "oy": 15,
      "snapOnGrid": false
    }
  }
}