{
  "_fv": 77,
  "_type": "gui",
  "definition": {
    "type": 0,
    "width": 176,
    "height": 166,
    "inventoryOffsetX": 0,
    "inventoryOffsetY": 0,
    "renderBgLayer": false,
    "doesPauseGame": false,
    "components": [
      {
        "type": "image",
        "data": {
          "image": "gsetdark3.png",
          "use1Xscale": false,
          "x": 126,
          "y": 37,
          "locked": true
        }
      },
      {
        "type": "label",
        "data": {
          "name": "label_settings",
          "text": {
            "fixedValue": "Settings:"
          },
          "color": {
            "value": -1,
            "falpha": 0.0
          },
          "x": 126,
          "y": 41,
          "locked": false
        }
      },
      {
        "type": "button",
        "data": {
          "name": "button_phone",
          "text": "Phone",
          "isUndecorated": true,
          "onClick": {
            "name": "PopenSetPhone"
          },
          "width": 51,
          "height": 20,
          "x": 125,
          "y": 72,
          "locked": false
        }
      },
      {
        "type": "button",
        "data": {
          "name": "button_wifi",
          "text": "Wifi",
          "isUndecorated": true,
          "onClick": {
            "name": "ProcWifiGui"
          },
          "width": 46,
          "height": 20,
          "x": 127,
          "y": 96,
          "locked": false
        }
      },
      {
        "type": "button",
        "data": {
          "name": "button_minecraft",
          "text": "Minecraft",
          "isUndecorated": true,
          "onClick": {
            "name": "PopenMCSet"
          },
          "width": 72,
          "height": 20,
          "x": 126,
          "y": 116,
          "locked": false
        }
      },
      {
        "type": "image",
        "data": {
          "image": "bar.png",
          "use1Xscale": false,
          "x": 126,
          "y": 29,
          "locked": true
        }
      },
      {
        "type": "imagebutton",
        "data": {
          "name": "imagebutton_no",
          "image": "no.png",
          "hoveredImage": "nos.png",
          "onClick": {
            "name": "PScreen"
          },
          "x": 285,
          "y": 27,
          "locked": false
        }
      },
      {
        "type": "checkbox",
        "data": {
          "name": "creative",
          "text": "Creative",
          "x": 191,
          "y": 133,
          "locked": false
        }
      },
      {
        "type": "checkbox",
        "data": {
          "name": "survival",
          "text": "Survival",
          "x": 191,
          "y": 105,
          "locked": false
        }
      },
      {
        "type": "checkbox",
        "data": {
          "name": "adventure",
          "text": "Adventure",
          "x": 192,
          "y": 158,
          "locked": false
        }
      },
      {
        "type": "button",
        "data": {
          "name": "button_save",
          "text": "Save",
          "isUndecorated": false,
          "onClick": {
            "name": "Psavemode"
          },
          "width": 46,
          "height": 20,
          "x": 191,
          "y": 180,
          "locked": false
        }
      },
      {
        "type": "label",
        "data": {
          "name": "label_current_gamemode",
          "text": {
            "fixedValue": "Current Gamemode:"
          },
          "color": {
            "value": -1,
            "falpha": 0.0
          },
          "x": 190,
          "y": 63,
          "locked": false
        }
      },
      {
        "type": "label",
        "data": {
          "name": "label_gamemode_settings",
          "text": {
            "fixedValue": "Gamemode settings:"
          },
          "color": {
            "value": -1,
            "falpha": 0.0
          },
          "x": 181,
          "y": 48,
          "locked": false
        }
      },
      {
        "type": "label",
        "data": {
          "name": "label_proc_preturn_gamemode",
          "text": {
            "fixedValue": "",
            "name": "PreturnGamemode"
          },
          "color": {
            "value": -1,
            "falpha": 0.0
          },
          "x": 210,
          "y": 75,
          "locked": false
        }
      },
      {
        "type": "label",
        "data": {
          "name": "label_change_gamemode_to",
          "text": {
            "fixedValue": "Change gamemode to:"
          },
          "color": {
            "value": -1,
            "falpha": 0.0
          },
          "x": 191,
          "y": 89,
          "locked": false
        }
      }
    ],
    "gridSettings": {
      "sx": 18,
      "sy": 18,
      "ox": 11,
      "oy": 15,
      "snapOnGrid": false
    }
  }
}