{
  "_fv": 77,
  "_type": "gui",
  "definition": {
    "type": 0,
    "width": 176,
    "height": 166,
    "inventoryOffsetX": 0,
    "inventoryOffsetY": 0,
    "renderBgLayer": false,
    "doesPauseGame": false,
    "components": [
      {
        "type": "image",
        "data": {
          "image": "gsetdark1.png",
          "use1Xscale": false,
          "x": 126,
          "y": 37,
          "locked": true
        }
      },
      {
        "type": "label",
        "data": {
          "name": "label_settings",
          "text": {
            "fixedValue": "Settings:"
          },
          "color": {
            "value": -1,
            "falpha": 0.0
          },
          "x": 126,
          "y": 45,
          "locked": false
        }
      },
      {
        "type": "button",
        "data": {
          "name": "button_phone",
          "text": "Phone",
          "isUndecorated": true,
          "width": 51,
          "height": 20,
          "x": 126,
          "y": 71,
          "locked": false
        }
      },
      {
        "type": "button",
        "data": {
          "name": "button_wifi",
          "text": "Wifi",
          "isUndecorated": true,
          "onClick": {
            "name": "ProcWifiGui"
          },
          "width": 46,
          "height": 20,
          "x": 127,
          "y": 94,
          "locked": false
        }
      },
      {
        "type": "button",
        "data": {
          "name": "button_minecraft",
          "text": "Minecraft",
          "isUndecorated": true,
          "onClick": {
            "name": "PopenMCSet"
          },
          "width": 72,
          "height": 20,
          "x": 127,
          "y": 115,
          "locked": false
        }
      },
      {
        "type": "label",
        "data": {
          "name": "label_phone_settings",
          "text": {
            "fixedValue": "Phone settings:"
          },
          "color": {
            "value": -1,
            "falpha": 0.0
          },
          "x": 179,
          "y": 39,
          "locked": false
        }
      },
      {
        "type": "label",
        "data": {
          "name": "label_wallpapers",
          "text": {
            "fixedValue": "-Wallpapers:"
          },
          "color": {
            "value": -1,
            "falpha": 0.0
          },
          "x": 189,
          "y": 51,
          "locked": false
        }
      },
      {
        "type": "label",
        "data": {
          "name": "label_current_wallpaper",
          "text": {
            "fixedValue": "-Current wallpaper:"
          },
          "color": {
            "value": -1,
            "falpha": 0.0
          },
          "x": 200,
          "y": 65,
          "locked": false
        }
      },
      {
        "type": "label",
        "data": {
          "name": "label_proc_preturn_wallpaper",
          "text": {
            "fixedValue": "",
            "name": "PreturnWallpaper"
          },
          "color": {
            "value": -1,
            "falpha": 0.0
          },
          "x": 215,
          "y": 79,
          "locked": false
        }
      },
      {
        "type": "label",
        "data": {
          "name": "label_change_wallpaper",
          "text": {
            "fixedValue": "-Change wallpaper"
          },
          "color": {
            "value": -1,
            "falpha": 0.0
          },
          "x": 201,
          "y": 94,
          "locked": false
        }
      },
      {
        "type": "checkbox",
        "data": {
          "name": "LightMode",
          "text": "Light",
          "x": 193,
          "y": 109,
          "locked": false
        }
      },
      {
        "type": "checkbox",
        "data": {
          "name": "darkmode",
          "text": "Dark",
          "x": 193,
          "y": 135,
          "locked": false
        }
      },
      {
        "type": "checkbox",
        "data": {
          "name": "sword",
          "text": "Sword",
          "x": 193,
          "y": 159,
          "locked": false
        }
      },
      {
        "type": "checkbox",
        "data": {
          "name": "carrot",
          "text": "Carrot",
          "x": 244,
          "y": 110,
          "locked": false
        }
      },
      {
        "type": "checkbox",
        "data": {
          "name": "buildercgr",
          "text": "BuilderCGR",
          "x": 244,
          "y": 136,
          "locked": false
        }
      },
      {
        "type": "button",
        "data": {
          "name": "button_save",
          "text": "Save",
          "isUndecorated": false,
          "onClick": {
            "name": "PchangeWallp"
          },
          "width": 46,
          "height": 20,
          "x": 253,
          "y": 159,
          "locked": false
        }
      },
      {
        "type": "image",
        "data": {
          "image": "bar.png",
          "use1Xscale": false,
          "x": 126,
          "y": 29,
          "locked": false
        }
      },
      {
        "type": "imagebutton",
        "data": {
          "name": "imagebutton_no",
          "image": "no.png",
          "hoveredImage": "nos.png",
          "onClick": {
            "name": "PScreen"
          },
          "x": 281,
          "y": 28,
          "locked": false
        }
      }
    ],
    "gridSettings": {
      "sx": 18,
      "sy": 18,
      "ox": 11,
      "oy": 15,
      "snapOnGrid": false
    }
  }
}