{
  "_fv": 77,
  "_type": "gui",
  "definition": {
    "type": 0,
    "width": 176,
    "height": 166,
    "inventoryOffsetX": 0,
    "inventoryOffsetY": 0,
    "renderBgLayer": false,
    "doesPauseGame": false,
    "components": [
      {
        "type": "button",
        "data": {
          "name": "button_time",
          "text": "Phone",
          "isUndecorated": true,
          "onClick": {
            "name": "PopenSetPhone"
          },
          "width": 46,
          "height": 20,
          "x": 126,
          "y": 70,
          "locked": false
        }
      },
      {
        "type": "button",
        "data": {
          "name": "button_gamemode",
          "text": "Wifi",
          "isUndecorated": true,
          "onClick": {
            "name": "ProcWifiGui"
          },
          "width": 67,
          "height": 20,
          "x": 126,
          "y": 94,
          "locked": false
        }
      },
      {
        "type": "label",
        "data": {
          "name": "label_settings",
          "text": {
            "fixedValue": "Settings:"
          },
          "color": {
            "value": -1,
            "falpha": 0.0
          },
          "x": 125,
          "y": 41,
          "locked": false
        }
      },
      {
        "type": "image",
        "data": {
          "image": "gsetdark.png",
          "use1Xscale": false,
          "x": 126,
          "y": 37,
          "locked": false
        }
      },
      {
        "type": "button",
        "data": {
          "name": "button_minecraft",
          "text": "Minecraft",
          "isUndecorated": true,
          "onClick": {
            "name": "PopenMCSet"
          },
          "width": 72,
          "height": 20,
          "x": 125,
          "y": 118,
          "locked": false
        }
      },
      {
        "type": "image",
        "data": {
          "image": "bar.png",
          "use1Xscale": false,
          "x": 126,
          "y": 28,
          "locked": false
        }
      },
      {
        "type": "imagebutton",
        "data": {
          "name": "imagebutton_no",
          "image": "no.png",
          "hoveredImage": "nos.png",
          "onClick": {
            "name": "PScreen"
          },
          "x": 276,
          "y": 28,
          "locked": false
        }
      }
    ],
    "gridSettings": {
      "sx": 20,
      "sy": 20,
      "ox": 11,
      "oy": 15,
      "snapOnGrid": true
    }
  }
}