{
  "_fv": 77,
  "_type": "gui",
  "definition": {
    "type": 0,
    "width": 176,
    "height": 166,
    "inventoryOffsetX": 0,
    "inventoryOffsetY": 0,
    "renderBgLayer": true,
    "doesPauseGame": false,
    "components": [
      {
        "type": "label",
        "data": {
          "name": "label_lets_set_your_wifi",
          "text": {
            "fixedValue": "Let's set your wifi"
          },
          "color": {
            "value": -12829636,
            "falpha": 0.0
          },
          "x": 163,
          "y": 43,
          "locked": false
        }
      },
      {
        "type": "textfield",
        "data": {
          "placeholder": "Wifi Name",
          "name": "name",
          "width": 120,
          "height": 20,
          "x": 153,
          "y": 68,
          "locked": false
        }
      },
      {
        "type": "checkbox",
        "data": {
          "name": "setpassword",
          "text": "Set Password",
          "x": 161,
          "y": 95,
          "locked": false
        }
      },
      {
        "type": "label",
        "data": {
          "name": "label_if_you_dont_mark_the_set_passwo",
          "text": {
            "fixedValue": "If you don't mark the set "
          },
          "color": {
            "value": -12829636,
            "falpha": 0.0
          },
          "x": 148,
          "y": 121,
          "locked": false
        }
      },
      {
        "type": "label",
        "data": {
          "name": "label_password_your_inputed_password",
          "text": {
            "fixedValue": "password, your inputed password "
          },
          "color": {
            "value": -12829636,
            "falpha": 0.0
          },
          "x": 135,
          "y": 131,
          "locked": false
        }
      },
      {
        "type": "label",
        "data": {
          "name": "label_will_not_be_available",
          "text": {
            "fixedValue": "will not be available"
          },
          "color": {
            "value": -12829636,
            "falpha": 0.0
          },
          "x": 163,
          "y": 140,
          "locked": false
        }
      },
      {
        "type": "textfield",
        "data": {
          "placeholder": "Password",
          "name": "password",
          "width": 120,
          "height": 20,
          "x": 153,
          "y": 151,
          "locked": false
        }
      },
      {
        "type": "button",
        "data": {
          "name": "button_set_wifi",
          "text": "Set Wifi",
          "isUndecorated": false,
          "onClick": {
            "name": "PsetWifi"
          },
          "width": 66,
          "height": 20,
          "x": 179,
          "y": 176,
          "locked": false
        }
      }
    ],
    "gridSettings": {
      "sx": 18,
      "sy": 18,
      "ox": 11,
      "oy": 15,
      "snapOnGrid": false
    }
  }
}