{
  "_fv": 77,
  "_type": "gui",
  "definition": {
    "type": 0,
    "width": 176,
    "height": 166,
    "inventoryOffsetX": 0,
    "inventoryOffsetY": 0,
    "renderBgLayer": false,
    "doesPauseGame": false,
    "components": [
      {
        "type": "image",
        "data": {
          "image": "gsetdark2.png",
          "use1Xscale": false,
          "x": 126,
          "y": 37,
          "locked": true
        }
      },
      {
        "type": "label",
        "data": {
          "name": "label_settings",
          "text": {
            "fixedValue": "Settings:"
          },
          "color": {
            "value": -1,
            "falpha": 0.0
          },
          "x": 126,
          "y": 41,
          "locked": false
        }
      },
      {
        "type": "button",
        "data": {
          "name": "button_phone",
          "text": "Phone",
          "isUndecorated": true,
          "onClick": {
            "name": "PopenSetPhone"
          },
          "width": 51,
          "height": 20,
          "x": 125,
          "y": 72,
          "locked": false
        }
      },
      {
        "type": "button",
        "data": {
          "name": "button_wifi",
          "text": "Wifi",
          "isUndecorated": true,
          "width": 46,
          "height": 20,
          "x": 127,
          "y": 96,
          "locked": false
        }
      },
      {
        "type": "button",
        "data": {
          "name": "button_minecraft",
          "text": "Minecraft",
          "isUndecorated": true,
          "onClick": {
            "name": "PopenMCSet"
          },
          "width": 72,
          "height": 20,
          "x": 126,
          "y": 116,
          "locked": false
        }
      },
      {
        "type": "label",
        "data": {
          "name": "label_wificonnected",
          "text": {
            "fixedValue": "Wifi-Connected"
          },
          "color": {
            "value": -1,
            "falpha": 0.0
          },
          "x": 181,
          "y": 49,
          "locked": false
        }
      },
      {
        "type": "image",
        "data": {
          "image": "no.png",
          "use1Xscale": false,
          "x": 276,
          "y": 44,
          "locked": false
        }
      },
      {
        "type": "image",
        "data": {
          "image": "si.png",
          "use1Xscale": false,
          "x": 258,
          "y": 44,
          "locked": false
        }
      },
      {
        "type": "label",
        "data": {
          "name": "label_connect_to_wifi",
          "text": {
            "fixedValue": "Connect to wifi:"
          },
          "color": {
            "value": -1,
            "falpha": 0.0
          },
          "x": 181,
          "y": 70,
          "locked": false
        }
      },
      {
        "type": "button",
        "data": {
          "name": "button_connect1",
          "text": "Connect",
          "isUndecorated": false,
          "onClick": {
            "name": "ProcWifiConnect"
          },
          "width": 61,
          "height": 20,
          "x": 181,
          "y": 142,
          "locked": false
        }
      },
      {
        "type": "image",
        "data": {
          "image": "bar.png",
          "use1Xscale": false,
          "x": 126,
          "y": 29,
          "locked": true
        }
      },
      {
        "type": "imagebutton",
        "data": {
          "name": "imagebutton_no",
          "image": "no.png",
          "hoveredImage": "nos.png",
          "onClick": {
            "name": "PScreen"
          },
          "x": 285,
          "y": 27,
          "locked": false
        }
      },
      {
        "type": "textfield",
        "data": {
          "placeholder": "Wifi Name",
          "name": "name",
          "width": 120,
          "height": 20,
          "x": 181,
          "y": 87,
          "locked": false
        }
      },
      {
        "type": "textfield",
        "data": {
          "placeholder": "Password, if has no password set empty",
          "name": "wifi_password",
          "width": 120,
          "height": 20,
          "x": 181,
          "y": 115,
          "locked": false
        }
      }
    ],
    "gridSettings": {
      "sx": 18,
      "sy": 18,
      "ox": 11,
      "oy": 15,
      "snapOnGrid": false
    }
  }
}