{
  "_fv": 77,
  "_type": "gui",
  "definition": {
    "type": 0,
    "width": 280,
    "height": 210,
    "inventoryOffsetX": 0,
    "inventoryOffsetY": 0,
    "renderBgLayer": true,
    "doesPauseGame": false,
    "components": [
      {
        "type": "label",
        "data": {
          "name": "label_welcome_to_the_app_store_here",
          "text": {
            "fixedValue": "Welcome to the app store. Here, you can download "
          },
          "color": {
            "value": -13408513,
            "falpha": 0.0
          },
          "x": 90,
          "y": 21,
          "locked": false
        }
      },
      {
        "type": "label",
        "data": {
          "name": "label_some_creations_of_other_modders",
          "text": {
            "fixedValue": "some creations of other modders that  "
          },
          "color": {
            "value": -13408513,
            "falpha": 0.0
          },
          "x": 89,
          "y": 33,
          "locked": false
        }
      },
      {
        "type": "label",
        "data": {
          "name": "label_expand_and_improve_digitech_and",
          "text": {
            "fixedValue": "expand and improve Digitech."
          },
          "color": {
            "value": -13408513,
            "falpha": 0.0
          },
          "x": 90,
          "y": 44,
          "locked": false
        }
      },
      {
        "type": "button",
        "data": {
          "name": "button_search_apps",
          "text": "Search apps",
          "isUndecorated": false,
          "width": 82,
          "height": 20,
          "x": 89,
          "y": 65,
          "locked": false
        }
      },
      {
        "type": "button",
        "data": {
          "name": "button_creating_your_own_app",
          "text": "Creating your own app",
          "isUndecorated": false,
          "width": 134,
          "height": 20,
          "x": 175,
          "y": 65,
          "locked": false
        }
      },
      {
        "type": "imagebutton",
        "data": {
          "name": "imagebutton_what",
          "image": "what.png",
          "hoveredImage": "",
          "x": 315,
          "y": 67,
          "locked": false
        }
      },
      {
        "type": "label",
        "data": {
          "name": "label_new_apps",
          "text": {
            "fixedValue": "New apps:"
          },
          "color": {
            "value": -13408513,
            "falpha": 0.0
          },
          "x": 90,
          "y": 95,
          "locked": false
        }
      },
      {
        "type": "label",
        "data": {
          "name": "label_remember_me",
          "text": {
            "fixedValue": "Remember Me"
          },
          "color": {
            "value": -65536,
            "falpha": 0.0
          },
          "x": 91,
          "y": 112,
          "locked": false
        }
      },
      {
        "type": "image",
        "data": {
          "image": "cuadr.png",
          "use1Xscale": false,
          "x": 88,
          "y": 111,
          "locked": false
        }
      },
      {
        "type": "imagebutton",
        "data": {
          "name": "imagebutton_not",
          "image": "not.png",
          "hoveredImage": "",
          "x": 103,
          "y": 121,
          "locked": false
        }
      },
      {
        "type": "button",
        "data": {
          "name": "button_install",
          "text": "Install",
          "isUndecorated": false,
          "displayCondition": {
            "name": "PreturnRemembrme2"
          },
          "width": 61,
          "height": 20,
          "x": 91,
          "y": 153,
          "locked": false
        }
      },
      {
        "type": "button",
        "data": {
          "name": "button_uninstall",
          "text": "Uninstall",
          "isUndecorated": false,
          "displayCondition": {
            "name": "PreturnRemembrme"
          },
          "width": 72,
          "height": 20,
          "x": 84,
          "y": 154,
          "locked": false
        }
      }
    ],
    "gridSettings": {
      "sx": 18,
      "sy": 18,
      "ox": 11,
      "oy": 15,
      "snapOnGrid": false
    }
  }
}