{
  "_fv": 77,
  "_type": "gui",
  "definition": {
    "type": 0,
    "width": 175,
    "height": 166,
    "inventoryOffsetX": 0,
    "inventoryOffsetY": 0,
    "renderBgLayer": true,
    "doesPauseGame": false,
    "components": [
      {
        "type": "image",
        "data": {
          "image": "wood.png",
          "use1Xscale": false,
          "x": 132,
          "y": 44,
          "locked": false
        }
      },
      {
        "type": "button",
        "data": {
          "name": "button_buy",
          "text": "Buy",
          "isUndecorated": false,
          "onClick": {
            "name": "PbuyingWood"
          },
          "width": 40,
          "height": 20,
          "x": 168,
          "y": 53,
          "locked": false
        }
      },
      {
        "type": "image",
        "data": {
          "image": "emerald.png",
          "use1Xscale": false,
          "x": 132,
          "y": 80,
          "locked": false
        }
      },
      {
        "type": "button",
        "data": {
          "name": "button_buy1",
          "text": "Buy",
          "isUndecorated": false,
          "onClick": {
            "name": "PbuyEmerald"
          },
          "width": 40,
          "height": 20,
          "x": 168,
          "y": 89,
          "locked": false
        }
      },
      {
        "type": "image",
        "data": {
          "image": "espada.png",
          "use1Xscale": false,
          "x": 132,
          "y": 116,
          "locked": false
        }
      },
      {
        "type": "button",
        "data": {
          "name": "button_buy2",
          "text": "Buy",
          "isUndecorated": false,
          "onClick": {
            "name": "PbuySword"
          },
          "width": 40,
          "height": 20,
          "x": 168,
          "y": 125,
          "locked": false
        }
      },
      {
        "type": "image",
        "data": {
          "image": "acha.png",
          "use1Xscale": false,
          "x": 132,
          "y": 152,
          "locked": false
        }
      },
      {
        "type": "button",
        "data": {
          "name": "button_buy3",
          "text": "Buy",
          "isUndecorated": false,
          "onClick": {
            "name": "PbuyAxe"
          },
          "width": 40,
          "height": 20,
          "x": 168,
          "y": 161,
          "locked": false
        }
      },
      {
        "type": "image",
        "data": {
          "image": "picaxe.png",
          "use1Xscale": false,
          "x": 222,
          "y": 44,
          "locked": false
        }
      },
      {
        "type": "button",
        "data": {
          "name": "button_buy4",
          "text": "Buy",
          "isUndecorated": false,
          "onClick": {
            "name": "PbuyPikaxe"
          },
          "width": 40,
          "height": 20,
          "x": 258,
          "y": 53,
          "locked": false
        }
      },
      {
        "type": "image",
        "data": {
          "image": "iron.png",
          "use1Xscale": false,
          "x": 222,
          "y": 80,
          "locked": false
        }
      },
      {
        "type": "button",
        "data": {
          "name": "button_buy5",
          "text": "Buy",
          "isUndecorated": false,
          "onClick": {
            "name": "Pbuyiron"
          },
          "width": 40,
          "height": 20,
          "x": 258,
          "y": 89,
          "locked": false
        }
      },
      {
        "type": "image",
        "data": {
          "image": "gold.png",
          "use1Xscale": false,
          "x": 222,
          "y": 116,
          "locked": false
        }
      },
      {
        "type": "button",
        "data": {
          "name": "button_buy6",
          "text": "Buy",
          "isUndecorated": false,
          "onClick": {
            "name": "Pbuygold"
          },
          "width": 40,
          "height": 20,
          "x": 258,
          "y": 125,
          "locked": false
        }
      },
      {
        "type": "image",
        "data": {
          "image": "diamond.png",
          "use1Xscale": false,
          "x": 222,
          "y": 152,
          "locked": false
        }
      },
      {
        "type": "button",
        "data": {
          "name": "button_buy7",
          "text": "Buy",
          "isUndecorated": false,
          "onClick": {
            "name": "PbuyDiamond"
          },
          "width": 40,
          "height": 20,
          "x": 258,
          "y": 161,
          "locked": false
        }
      },
      {
        "type": "label",
        "data": {
          "name": "label_1dc",
          "text": {
            "fixedValue": "20 DC"
          },
          "color": {
            "value": -16777216,
            "falpha": 0.0
          },
          "x": 132,
          "y": 62,
          "locked": false
        }
      },
      {
        "type": "label",
        "data": {
          "name": "label_3dc",
          "text": {
            "fixedValue": "40 DC"
          },
          "color": {
            "value": -16777216,
            "falpha": 0.0
          },
          "x": 132,
          "y": 98,
          "locked": false
        }
      },
      {
        "type": "label",
        "data": {
          "name": "label_2dc",
          "text": {
            "fixedValue": "20 DC"
          },
          "color": {
            "value": -16777216,
            "falpha": 0.0
          },
          "x": 132,
          "y": 134,
          "locked": false
        }
      },
      {
        "type": "label",
        "data": {
          "name": "label_2dc1",
          "text": {
            "fixedValue": "20 DC"
          },
          "color": {
            "value": -16777216,
            "falpha": 0.0
          },
          "x": 132,
          "y": 170,
          "locked": false
        }
      },
      {
        "type": "label",
        "data": {
          "name": "label_20_dc",
          "text": {
            "fixedValue": "20 DC"
          },
          "color": {
            "value": -16777216,
            "falpha": 0.0
          },
          "x": 222,
          "y": 62,
          "locked": false
        }
      },
      {
        "type": "label",
        "data": {
          "name": "label_20_dc1",
          "text": {
            "fixedValue": "20 DC"
          },
          "color": {
            "value": -16777216,
            "falpha": 0.0
          },
          "x": 222,
          "y": 98,
          "locked": false
        }
      },
      {
        "type": "label",
        "data": {
          "name": "label_40_dc",
          "text": {
            "fixedValue": "40 DC"
          },
          "color": {
            "value": -16777216,
            "falpha": 0.0
          },
          "x": 222,
          "y": 134,
          "locked": false
        }
      },
      {
        "type": "label",
        "data": {
          "name": "label_60_dc",
          "text": {
            "fixedValue": "60 DC"
          },
          "color": {
            "value": -16777216,
            "falpha": 0.0
          },
          "x": 222,
          "y": 170,
          "locked": false
        }
      },
      {
        "type": "button",
        "data": {
          "name": "button_next_page",
          "text": "Next page",
          "isUndecorated": false,
          "onClick": {
            "name": "PopenShop2"
          },
          "width": 72,
          "height": 20,
          "x": 231,
          "y": 179,
          "locked": false
        }
      },
      {
        "type": "image",
        "data": {
          "image": "bar.png",
          "use1Xscale": false,
          "x": 125,
          "y": 26,
          "locked": false
        }
      },
      {
        "type": "imagebutton",
        "data": {
          "name": "imagebutton_no",
          "image": "no.png",
          "hoveredImage": "nos.png",
          "onClick": {
            "name": "PScreen"
          },
          "x": 277,
          "y": 25,
          "locked": false
        }
      }
    ],
    "gridSettings": {
      "sx": 18,
      "sy": 18,
      "ox": 11,
      "oy": 15,
      "snapOnGrid": false
    }
  }
}