{
  "_fv": 77,
  "_type": "gui",
  "definition": {
    "type": 0,
    "width": 175,
    "height": 166,
    "inventoryOffsetX": 0,
    "inventoryOffsetY": 0,
    "renderBgLayer": true,
    "doesPauseGame": false,
    "components": [
      {
        "type": "button",
        "data": {
          "name": "button_buy",
          "text": "Buy",
          "isUndecorated": false,
          "onClick": {
            "name": "PbuyPorkchop"
          },
          "width": 40,
          "height": 20,
          "x": 258,
          "y": 53,
          "locked": false
        }
      },
      {
        "type": "button",
        "data": {
          "name": "button_buy1",
          "text": "Buy",
          "isUndecorated": false,
          "onClick": {
            "name": "PbuyArmour"
          },
          "width": 40,
          "height": 20,
          "x": 258,
          "y": 107,
          "locked": false
        }
      },
      {
        "type": "label",
        "data": {
          "name": "label_1dc",
          "text": {
            "fixedValue": "20 DC"
          },
          "color": {
            "value": -16777216,
            "falpha": 0.0
          },
          "x": 222,
          "y": 80,
          "locked": false
        }
      },
      {
        "type": "label",
        "data": {
          "name": "label_3dc",
          "text": {
            "fixedValue": "20 DC"
          },
          "color": {
            "value": -16777216,
            "falpha": 0.0
          },
          "x": 222,
          "y": 116,
          "locked": false
        }
      },
      {
        "type": "image",
        "data": {
          "image": "porkchp.png",
          "use1Xscale": false,
          "x": 231,
          "y": 53,
          "locked": false
        }
      },
      {
        "type": "image",
        "data": {
          "image": "helmet.png",
          "use1Xscale": false,
          "x": 141,
          "y": 107,
          "locked": false
        }
      },
      {
        "type": "image",
        "data": {
          "image": "chestplate.png",
          "use1Xscale": false,
          "x": 159,
          "y": 107,
          "locked": false
        }
      },
      {
        "type": "image",
        "data": {
          "image": "leggins.png",
          "use1Xscale": false,
          "x": 177,
          "y": 107,
          "locked": false
        }
      },
      {
        "type": "image",
        "data": {
          "image": "boots.png",
          "use1Xscale": false,
          "x": 195,
          "y": 107,
          "locked": false
        }
      },
      {
        "type": "button",
        "data": {
          "name": "button_first_page",
          "text": "First page",
          "isUndecorated": false,
          "onClick": {
            "name": "PopenShop"
          },
          "width": 77,
          "height": 20,
          "x": 132,
          "y": 62,
          "locked": false
        }
      },
      {
        "type": "button",
        "data": {
          "name": "button_buy2",
          "text": "Buy",
          "isUndecorated": false,
          "onClick": {
            "name": "PbuyCoal"
          },
          "width": 40,
          "height": 20,
          "x": 258,
          "y": 143,
          "locked": false
        }
      },
      {
        "type": "label",
        "data": {
          "name": "label_20_dc",
          "text": {
            "fixedValue": "20 DC"
          },
          "color": {
            "value": -16777216,
            "falpha": 0.0
          },
          "x": 222,
          "y": 152,
          "locked": false
        }
      },
      {
        "type": "image",
        "data": {
          "image": "as.png",
          "use1Xscale": false,
          "x": 231,
          "y": 134,
          "locked": false
        }
      },
      {
        "type": "button",
        "data": {
          "name": "button_buy3",
          "text": "Buy",
          "isUndecorated": false,
          "onClick": {
            "name": "PbuyStone"
          },
          "width": 40,
          "height": 20,
          "x": 177,
          "y": 143,
          "locked": false
        }
      },
      {
        "type": "image",
        "data": {
          "image": "stone.png",
          "use1Xscale": false,
          "x": 132,
          "y": 134,
          "locked": false
        }
      },
      {
        "type": "label",
        "data": {
          "name": "label_20_dc1",
          "text": {
            "fixedValue": "20 DC"
          },
          "color": {
            "value": -16777216,
            "falpha": 0.0
          },
          "x": 132,
          "y": 152,
          "locked": false
        }
      },
      {
        "type": "image",
        "data": {
          "image": "bar.png",
          "use1Xscale": false,
          "x": 126,
          "y": 38,
          "locked": false
        }
      },
      {
        "type": "imagebutton",
        "data": {
          "name": "imagebutton_no",
          "image": "no.png",
          "hoveredImage": "nos.png",
          "onClick": {
            "name": "PScreen"
          },
          "x": 266,
          "y": 38,
          "locked": false
        }
      }
    ],
    "gridSettings": {
      "sx": 20,
      "sy": 20,
      "ox": 11,
      "oy": 15,
      "snapOnGrid": true
    }
  }
}