{
  "_fv": 77,
  "_type": "achievement",
  "definition": {
    "achievementName": "Digitech",
    "achievementDescription": "You have any chip and then you can craft a mobile or a PC",
    "achievementIcon": {
      "value": "CUSTOM:MicroChipDust"
    },
    "background": "aaaaaa.png",
    "disableDisplay": false,
    "showPopup": true,
    "announceToChat": true,
    "hideIfNotCompleted": false,
    "rewardLoot": [],
    "rewardRecipes": [
      "Mobilerecipe",
      "Pcre",
      "RedCaseRecipe",
      "BlueCaseRecipe",
      "YellowCaseRecipe",
      "GreenCaseRecipe",
      "PurpleCaseRecipe",
      "OrangeCaseRecipe",
      "TwentyDCcheckRecipe",
      "FortyDC",
      "Sixtydcrecipe"
    ],
    "rewardXP": 0,
    "achievementType": "task",
    "parent": {
      "value": "No parent: root"
    },
    "triggerxml": "<xml xmlns=\"https://developers.google.com/blockly/xml\"><block type=\"advancement_trigger\" deletable=\"false\" x=\"40\" y=\"80\"><next><block type=\"item_in_inventory\"><value name=\"amount_l\"><block type=\"math_number\"><field name=\"NUM\">1</field></block></value><value name=\"amount_h\"><block type=\"math_number\"><field name=\"NUM\">5</field></block></value><value name=\"item\"><block type=\"mcitem_all\"><field name=\"value\">CUSTOM:MicroChipDust</field></block></value></block></next></block></xml>"
  }
}