{
  "_fv": 77,
  "_type": "achievement",
  "definition": {
    "achievementName": "Wallpapers",
    "achievementDescription": "You have put a wallpaper in your phone",
    "achievementIcon": {
      "value": "CUSTOM:Mobile"
    },
    "background": "Default",
    "disableDisplay": false,
    "showPopup": true,
    "announceToChat": true,
    "hideIfNotCompleted": false,
    "rewardLoot": [],
    "rewardRecipes": [],
    "rewardXP": 0,
    "achievementType": "task",
    "parent": {
      "value": "CUSTOM:DigitechBasicConcepts"
    },
    "triggerxml": "<xml xmlns=\"https://developers.google.com/blockly/xml\"><block type=\"advancement_trigger\" deletable=\"false\" x=\"40\" y=\"80\"><next><block type=\"custom_trigger\"></block></next></block></xml>"
  }
}