{
  "_fv": 77,
  "_type": "achievement",
  "definition": {
    "achievementName": "Wifitech",
    "achievementDescription": "You have now a wifi and you can now use all fuctions of PC and Phones",
    "achievementIcon": {
      "value": "CUSTOM:Wifi"
    },
    "background": "Default",
    "disableDisplay": false,
    "showPopup": true,
    "announceToChat": true,
    "hideIfNotCompleted": false,
    "rewardLoot": [],
    "rewardRecipes": [],
    "rewardXP": 0,
    "achievementType": "task",
    "parent": {
      "value": "CUSTOM:Thebaseofalltechnology"
    },
    "triggerxml": "<xml xmlns=\"https://developers.google.com/blockly/xml\"><block type=\"advancement_trigger\" deletable=\"false\" x=\"40\" y=\"80\"><next><block type=\"block_placed\"><value name=\"block\"><block type=\"mcitem_allblocks\"><field name=\"value\">CUSTOM:Wifi</field></block></value></block></next></block></xml>"
  }
}