{
  "_fv": 77,
  "_type": "gui",
  "definition": {
    "type": 0,
    "width": 176,
    "height": 166,
    "inventoryOffsetX": 0,
    "inventoryOffsetY": 0,
    "renderBgLayer": true,
    "doesPauseGame": false,
    "components": [
      {
        "type": "imagebutton",
        "data": {
          "name": "imagebutton_mcreator",
          "image": "mobil.png",
          "hoveredImage": "clmb.png",
          "onClick": {
            "name": "PopenPhoneWiki"
          },
          "x": 176,
          "y": 89,
          "locked": false
        }
      },
      {
        "type": "imagebutton",
        "data": {
          "name": "imagebutton_asasa",
          "image": "bloquemc.png",
          "hoveredImage": "bloquemcclick.png",
          "onClick": {
            "name": "PopenWikiMC"
          },
          "x": 241,
          "y": 89,
          "locked": false
        }
      },
      {
        "type": "label",
        "data": {
          "name": "label_welcome_to_wiki",
          "text": {
            "fixedValue": "Welcome to wiki"
          },
          "color": {
            "value": -65536,
            "falpha": 0.0
          },
          "x": 177,
          "y": 44,
          "locked": false
        }
      },
      {
        "type": "image",
        "data": {
          "image": "libro.png",
          "use1Xscale": false,
          "x": 186,
          "y": 107,
          "locked": false
        }
      },
      {
        "type": "image",
        "data": {
          "image": "bar.png",
          "use1Xscale": false,
          "x": 126,
          "y": 30,
          "locked": false
        }
      },
      {
        "type": "imagebutton",
        "data": {
          "name": "imagebutton_no",
          "image": "no.png",
          "hoveredImage": "nos.png",
          "onClick": {
            "name": "PScreen"
          },
          "x": 277,
          "y": 29,
          "locked": false
        }
      },
      {
        "type": "button",
        "data": {
          "name": "button_view_app_wiki",
          "text": "View web version",
          "isUndecorated": false,
          "onClick": {
            "name": "Pwevwiki"
          },
          "width": 92,
          "height": 20,
          "x": 174,
          "y": 62,
          "locked": false
        }
      }
    ],
    "gridSettings": {
      "sx": 18,
      "sy": 18,
      "ox": 11,
      "oy": 15,
      "snapOnGrid": false
    }
  }
}