{
  "_fv": 77,
  "_type": "gui",
  "definition": {
    "type": 0,
    "width": 176,
    "height": 166,
    "inventoryOffsetX": 0,
    "inventoryOffsetY": 0,
    "renderBgLayer": true,
    "doesPauseGame": true,
    "components": [
      {
        "type": "label",
        "data": {
          "name": "label_you_dont_have_a_wifi_connexion",
          "text": {
            "fixedValue": "You don't have a wifi connexion."
          },
          "color": {
            "value": -12829636,
            "falpha": 0.0
          },
          "x": 131,
          "y": 45,
          "locked": false
        }
      },
      {
        "type": "label",
        "data": {
          "name": "label_to_have_it_you_have_to",
          "text": {
            "fixedValue": "To have it, you have to right-click"
          },
          "color": {
            "value": -12829636,
            "falpha": 0.0
          },
          "x": 125,
          "y": 64,
          "locked": false
        }
      },
      {
        "type": "label",
        "data": {
          "name": "label_the_wifi_block_with_your_phone",
          "text": {
            "fixedValue": "the wifi block with your phone"
          },
          "color": {
            "value": -12829636,
            "falpha": 0.0
          },
          "x": 135,
          "y": 78,
          "locked": false
        }
      },
      {
        "type": "imagebutton",
        "data": {
          "name": "imagebutton_mossaid",
          "image": "mossaid.png",
          "hoveredImage": "faidclick.png",
          "onClick": {
            "name": "FirstAid"
          },
          "displayCondition": {
            "name": "Preturnfaid"
          },
          "x": 167,
          "y": 112,
          "locked": false
        }
      },
      {
        "type": "label",
        "data": {
          "name": "label_first_aid",
          "text": {
            "fixedValue": "First Aid"
          },
          "color": {
            "value": -12829636,
            "falpha": 0.0
          },
          "displayCondition": {
            "name": "Preturnfaid"
          },
          "x": 159,
          "y": 134,
          "locked": false
        }
      },
      {
        "type": "imagebutton",
        "data": {
          "name": "imagebutton_mossetings",
          "image": "mossetings.png",
          "hoveredImage": "setclick.png",
          "onClick": {
            "name": "PopenSettings"
          },
          "x": 241,
          "y": 112,
          "locked": false
        }
      },
      {
        "type": "label",
        "data": {
          "name": "label_settings",
          "text": {
            "fixedValue": "Settings"
          },
          "color": {
            "value": -12829636,
            "falpha": 0.0
          },
          "x": 233,
          "y": 134,
          "locked": false
        }
      }
    ],
    "gridSettings": {
      "sx": 18,
      "sy": 18,
      "ox": 11,
      "oy": 15,
      "snapOnGrid": true
    }
  }
}